{
  "4": 23.076923076923077,
  "5": 41.66666666666667,
  "3": 50,
  "2": 0
}