{
  "3": 53.333333333333336,
  "5": 38.88888888888889,
  "4": 23.52941176470588,
  "2": 0
}